student_id,study_hours,attendance,group_discussion,previous_test_score,final_exam_pass
S001,11.0,80,Yes,66,Pass
S002,8.4,83,Yes,53,Pass
S003,11.6,91,Yes,51,Fail
S004,15.1,91,No,52,Fail
S005,8.1,54,No,67,Fail
S006,8.1,61,No,52,Pass
S007,15.3,83,No,65,Pass
S008,12.1,83,No,97,Pass
S009,7.1,83,No,76,Fail
S010,11.2,100,No,54,Pass
S011,7.1,84,No,82,Fail
S012,7.1,92,Yes,53,Fail
S013,10.0,89,Yes,23,Pass
S014,1.3,85,Yes,42,Fail
S015,2.1,70,No,26,Fail
S016,6.8,86,No,54,Pass
S017,4.9,63,Yes,60,Fail
S018,10.3,71,No,90,Pass
S019,5.4,68,No,66,Fail
S020,3.4,76,Yes,56,Fail
S021,14.9,100,Yes,75,Pass
S022,8.1,47,No,20,Fail
S023,9.3,85,Yes,64,Fail
S024,3.3,51,No,74,Fail
S025,6.8,68,Yes,33,Pass
S026,9.4,91,No,81,Fail
S027,4.4,76,No,66,Fail
S028,10.5,59,No,53,Pass
S029,6.6,64,No,71,Fail
S030,7.8,85,Yes,100,Pass
S031,6.6,64,Yes,63,Fail
S032,16.4,78,Yes,64,Pass
S033,8.9,76,No,52,Pass
S034,4.8,65,No,45,Fail
S035,12.3,100,No,75,Fail
S036,4.1,85,Yes,45,Fail
S037,9.8,45,Yes,61,Fail
S038,1.2,78,Yes,51,Fail
S039,3.7,65,Yes,69,Fail
S040,9.8,88,No,66,Fail
S041,12.0,63,Yes,79,Pass
S042,9.7,73,Yes,51,Pass
S043,8.5,83,No,55,Pass
S044,7.8,88,Yes,42,Fail
S045,3.1,57,Yes,52,Fail
S046,6.1,70,No,67,Pass
S047,7.2,68,Yes,74,Fail
S048,13.2,65,No,43,Fail
S049,10.4,100,No,76,Pass
S050,1.9,81,No,84,Fail
S051,10.3,56,Yes,67,Fail
S052,7.5,89,No,94,Pass
S053,6.3,100,Yes,46,Fail
S054,11.4,90,Yes,38,Pass
S055,13.1,52,Yes,28,Fail
S056,12.7,68,No,87,Fail
S057,5.6,94,Yes,72,Fail
S058,7.8,64,Yes,59,Pass
S059,10.3,82,No,65,Fail
S060,12.9,87,Yes,40,Fail
S061,7.1,61,Yes,100,Pass
S062,8.3,74,Yes,62,Fail
S063,4.6,30,Yes,62,Pass
S064,4.2,60,Yes,73,Fail
S065,12.3,71,Yes,69,Pass
S066,14.4,56,No,64,Pass
S067,8.7,99,Yes,46,Pass
S068,13.0,54,Yes,68,Fail
S069,10.4,68,No,94,Pass
S070,6.4,77,Yes,84,Fail
S071,10.4,97,No,89,Pass
S072,15.2,53,Yes,51,Pass
S073,8.9,92,Yes,42,Pass
S074,15.3,75,Yes,58,Fail
S075,1.0,60,Yes,61,Fail
S076,12.3,82,Yes,80,Pass
S077,9.3,78,Yes,30,Fail
S078,7.8,66,Yes,88,Fail
S079,9.4,76,Yes,57,Pass
S080,1.0,69,Yes,52,Pass
S081,8.1,77,Yes,42,Fail
S082,10.4,85,Yes,30,Pass
S083,14.9,99,Yes,75,Fail
S084,6.9,56,No,61,Fail
S085,5.8,100,Yes,37,Fail
S086,7.0,46,No,37,Fail
S087,12.7,73,No,54,Fail
S088,10.3,84,Yes,90,Pass
S089,6.9,79,No,55,Fail
S090,11.1,66,No,33,Fail
S091,9.4,72,Yes,56,Pass
S092,12.9,68,Yes,55,Fail
S093,6.2,66,No,11,Fail
S094,7.7,88,No,59,Fail
S095,7.4,80,Yes,56,Fail
S096,3.1,65,Yes,73,Pass
S097,10.2,88,Yes,93,Pass
S098,10.0,80,Yes,80,Fail
S099,9.0,87,No,55,Pass
S100,8.1,84,Yes,40,Pass
S101,3.3,63,Yes,100,Pass
S102,7.3,67,No,61,Pass
S103,7.6,86,Yes,60,Pass
S104,5.8,84,Yes,60,Pass
S105,8.4,75,No,64,Pass
S106,10.6,77,No,57,Pass
S107,16.5,94,Yes,50,Fail
S108,9.7,66,Yes,50,Pass
S109,10.0,83,Yes,59,Pass
S110,8.7,72,Yes,50,Fail
S111,1.3,72,Yes,47,Pass
S112,8.9,91,Yes,62,Fail
S113,9.2,87,Yes,55,Fail
S114,18.9,87,Yes,87,Pass
S115,8.2,95,Yes,12,Pass
S116,10.2,75,Yes,80,Fail
S117,8.9,85,Yes,82,Fail
S118,4.3,70,Yes,23,Fail
S119,13.6,80,Yes,54,Pass
S120,12.0,73,No,53,Pass
S121,12.2,76,No,35,Fail
S122,5.4,84,No,46,Pass
S123,14.6,63,No,40,Fail
S124,3.4,100,Yes,92,Fail
S125,11.3,60,Yes,77,Pass
S126,17.8,57,Yes,83,Pass
S127,5.0,92,No,73,Pass
S128,6.7,87,No,40,Pass
S129,9.4,84,Yes,51,Pass
S130,7.0,84,Yes,69,Pass
S131,2.8,75,Yes,38,Fail
S132,9.3,62,Yes,73,Pass
S133,4.8,76,No,56,Pass
S134,10.9,65,No,53,Fail
S135,5.3,90,Yes,73,Fail
S136,15.2,73,No,68,Fail
S137,5.9,63,No,54,Fail
S138,7.7,70,Yes,81,Pass
S139,12.3,81,Yes,41,Pass
S140,4.1,67,Yes,71,Fail
S141,9.9,63,Yes,71,Fail
S142,14.2,79,Yes,54,Pass
S143,2.6,79,Yes,66,Fail
S144,9.7,67,Yes,37,Pass
S145,10.0,68,Yes,77,Pass
S146,12.1,78,No,57,Fail
S147,4.1,53,Yes,51,Fail
S148,3.7,54,Yes,79,Fail
S149,11.1,64,Yes,47,Pass
S150,10.2,72,No,35,Fail
S151,10.0,80,Yes,32,Pass
S152,10.4,97,Yes,71,Pass
S153,6.3,88,No,37,Fail
S154,9.9,73,No,92,Fail
S155,10.2,75,No,23,Fail
S156,6.1,60,Yes,91,Fail
S157,16.5,75,Yes,64,Pass
S158,10.9,71,No,58,Fail
S159,4.2,80,No,50,Pass
S160,11.6,63,No,67,Pass
S161,5.1,83,No,59,Fail
S162,12.1,98,Yes,80,Pass
S163,13.6,73,No,62,Fail
S164,5.7,81,Yes,63,Pass
S165,12.9,85,Yes,53,Pass
S166,10.7,69,Yes,59,Pass
S167,12.3,78,Yes,66,Fail
S168,16.6,75,Yes,29,Pass
S169,8.0,76,Yes,36,Fail
S170,6.0,63,No,73,Fail
S171,5.4,75,Yes,63,Pass
S172,5.7,82,No,57,Fail
S173,8.7,97,Yes,60,Fail
S174,10.4,89,Yes,66,Pass
S175,10.1,100,Yes,50,Fail
S176,12.3,63,Yes,46,Fail
S177,9.1,88,Yes,64,Pass
S178,14.8,78,Yes,42,Fail
S179,7.9,100,Yes,67,Fail
S180,19.9,63,No,29,Fail
S181,11.5,62,Yes,79,Fail
S182,5.6,66,No,69,Fail
S183,4.7,43,Yes,65,Fail
S184,10.9,67,No,78,Fail
S185,8.1,64,No,90,Fail
S186,11.9,77,No,78,Fail
S187,10.9,80,Yes,27,Fail
S188,8.7,100,Yes,37,Fail
S189,5.6,89,Yes,49,Pass
S190,2.9,66,No,60,Fail
S191,7.2,62,No,69,Fail
S192,12.4,82,No,47,Pass
S193,9.9,55,Yes,63,Fail
S194,4.0,100,No,46,Pass
S195,9.7,93,No,49,Pass
S196,10.5,68,Yes,35,Fail
S197,5.5,49,Yes,43,Pass
S198,9.6,95,No,36,Fail
S199,9.2,73,No,42,Fail
S200,4.4,94,No,79,Fail
